{"effective": {"centre": 11920.003690181315, "height": 2.0177138585360064, "intensity": 844.0960435976817, "width": 393.00681154755404, "chi2": 8.487343470607923}, "native": {"Height": 2.0177138585360064, "PeakCentre": 11920.003690181315, "Sigma": 166.89462635451142}}